title,publisher,date,isbn,Authors
"Klimt and Schiele : drawings from the Albertina Museum, Vienna, [exhibition, Museum of fine arts, Boston, from February 25 to May 28, 2018]. ","Boston, MA : Museum of Fine Arts, Boston : D.A.P./Distributed Art Publishers (Distributor)",2018,0878468528,
"Art in Vienna, 1898-1918 : Klimt, Kokoschka, Schiele and their contemporaries. ","London : Phaidon , 1975",1975,0714816000,
"Art in Vienna 1898-1918 : Klimt, Kokoschka, Schiele and their contemporaries. ","London : Phaidon , 1993",1993,0714816000,
"Art in Vienna 1898-1918 : Klimt, Kokoschka, Schiele and their contemporaries. ","London : Phaidon , 2001",2001,0714829676,
"Art in Vienna 1898-1918 : Klimt, Kokoschka, Schiele and their contemporaries. ","London : Phaidon , 2015",2015,0714868787,
"Gustav Klimt : papiers érotiques, [exposition, Paris, Musée Maillol, 9 mars-30 mai 2005]. ","[Paris] : Gallimard : Fondation Dina Vierny-Musée Maillol , 2005",2005,2070118053,
Le Nu et la norme : Klimt et Picasso en 1907. ,"[Paris] : Gallimard , 1988",1988,2070111504,
"Klimt, ""Beethoven"". ","Genève : Skira ; [Paris] : Flammarion , 1986",1986,2605000788,
"Gustav Klimt, Oskar Kokoschka, Egon Schiele : un monde crépusculaire. ","Courbevoie : ACR éd. , DL 2005",2005,2867701759,
"Il simbolismo : da Moreau a Gauguin a Klimt, mostra, Ferrara, Ferrara palazzo dei Diamanti, 18 febbraio-20 maggio 2007, Roma, Roma galleria nazionale d'arte moderna, 7 giugno-16 settembre 2007. ","Ferrara : Ferrara arte , impr. 2007",2007,8889793066,
Klimt lost. ,Wien : Czernin Verlag,2018,3707606414,
"Gustav Klimt, tout l'œuvre peint. ","Köln ; [Paris] : Taschen , cop. 2017",2017,9783836566605,
"Heiliger Frühling : Gustav Klimt und die Anfänge der Wiener Secession 1895-1905, mit 444 Abbildungen, Davon 357 in Farbe, [Ausstellung, Graphisch Sammlung Albertina, Wien, 16. Oktober 1998 bis 10. Jänner 1999]. ","Wien ; München : C. Brandstätter , 1999",1999,3854478569,
"Klimt e i maestri ""segreti"" della Ricci Oddi : mostra, Piacenza, Galleria d'arte moderna Ricci Oddi, 3 luglio 2021 - 9 gennaio 2022. ","Piacenza : Galleria d'arte moderna Ricci Oddi ; Busto Arsizio (VA) : Nomos edizioni , impr. 2021",2021,9791259580344,
Fleurs cueillies pour rien : Gustav Klimt. ,"[Charenton] : Flohic , 1999",1999,2842340639,
Gustav Klimt. ,"[Paris] : Seuil , 1975",1975,2020042754,
Gustav Klimt : die Sammlung im Leopold Museum. ,Ostfildern : Hatje Cantz,2013,3775737448,
Tout l'oeuvre peint de Klimt. ,"[Paris] : Flammarion , 1983",1983,2080112201,
"Klimt, Kokoschka, Schiele : dall'art nouveau all'espressionismo, [mostra, Roma, Complesso di Vittoriano, 6 ottobre 2001 - 3 febbraio 2002] / [Jane Kallir,...]. ","Milano : Mazzotta , 2001",2001,8820215020,
Gustav Klimt. ,"Paris : Hazan jeunesse , DL 2021",2021,9782754112352,
Dans l'univers de Klimt. ,"Paris : Belem éd. , DL 2005",2005,2915577447,
"Vienna 1900 : Klimt, Schiele, Moser, Kokoschka, [exhibition], Galeries nationales du Grand Palais, Paris, 3 October 2005-23 January 2006. ","Paris : Réunion des musées nationaux , impr. 2005",2005,271185003X,
Gustav Klimt und die Wiener Jahrhundertwende. ,"Salzburg : Verl. Galerie Welz , 1977",1977,3853490654,
Nach Klimt : Schriften zur Kunst in Österreich. ,"Salzburg : Verl. Galerie Welz , cop. 1979",1979,3853490743,
"Klimt : la secessione e l'Italia, [mostra al Palazzo Braschi, Rome, dal 26 Ottobre, 2021- 22  Marzo 2022]. ","Milano : Skira , 2021",2021,8857246574,
"De la scène au tableau : David, Füssli, Klimt, Moreau, Lautrec, Degas, Vuillard, [exposition, Marseille, Musée Cantini, 6 octobre 2009-3 janvier 2010, Rovereto, Museo di arte moderna e contemporanea, 6 février-23 mai 2010, Toronto, Musée des beaux-arts de l'Ontario, 19 juin-26 septembre 2010]. ","Paris : Skira-Flammarion ; [Marseille] : MM ; [Rovereto] : MART [etc.] , DL 2009",2009,9782081236912,
"Vienna 1900 : Klimt, Schiele, and their times, a total work of art, [exhibition, Fondation Beyeler, Basel, September 26, 2010 - January 16, 2011]. ","Ostfildern (Allemagne) : Hatje Cantz , cop. 2010",2010,3775726853,
Le petit Klimt. ,"Bruxelles : Kate' art édition ; Paris : Réunion des musées nationaux , 2005",2005,2930382104,
Klimt. ,"[Paris] : Hazan , 1992",1992,2850252921,
"Gustav Klimt, 1862-1918. ","Köln ; [Paris] : B. Taschen , cop. 1993",1993,3822896713,
"Gustav Klimt, 1862-1918. ","Köln ; London ; Paris [etc.] : Taschen , cop. 2000",2000,3822859400,
"Gustav Klimt, 1862-1918. ","Paris : ""Le Monde"" ; Köln : Taschen , cop. 2005",2005,3822846570,
"Gustav Klimt, 1862-1918 : le monde comme une forme féminine. ","Köln ; Paris : Taschen , cop. 2011",2011,9783836531450,
"Gustav Klimt, 1862-1918 : le monde comme une forme féminine. ","Köln ; [Paris] : Taschen , cop. 2016",2016,9783836558068,
La vie et l'oeuvre de Klimt. ,"[Nîmes] : Livre club , [1996]",1996,2842160363,
Joseph Klimt. ,"Saint-Denis : Édilivre , impr. 2013",2013,9782332654427,
La moquette de Klimt : poèmes. ,"Paris : Non lieu , DL 2012",2012,9782352701330,
"Klimt et Vienne, un siècle d'or et de couleurs : Carrières de lumières, les Baux-de-Provence. ","[Issy-les-Moulineaux] : ""Beaux-arts"" éd.-[TTM éd.] , DL 2014",2014,9791020400697,
Klimt. ,"[Paris] : Gallimard , DL 2017",2017,9782070462704,
Gustav Klimt. ,"Paris : Larousse , DL 2019",2019,9782035975935,
Gustav Klimt : vers un renouvellement de la modernité. ,"Paris : La Martinière , 2001",2001,2732427829,
"""Ver sacrum"" : la revue de la Sécession viennoise, 1898-1903, Gustav Klimt, Koloman Moser, Otto Wagner, Alfred Roller, Max Kurzweil, Joseph M. Olbrich, Josef Hoffmann. ","Paris : Skira , DL 2018",2018,9782370740960,
"À fleur de peau : Vienne 1900, de Klimt à Schiele et Kokoschka, [exposition, Lausanne, Musée cantonal des beaux-arts de Lausanne, 14 février-24 mai 2020]. ","Paris : Hazan ; Lausanne : Musée cantonal des beaux-arts , DL 2020",2020,9782754111386,
"Gustav Klimt : disegni dalla collezione Sabarsky, [mostra, Torino, Pinacoteca Giovanni e Marella Agnelli, 29 gennaio-25 aprile 2004]. ","Torino : Ed. GAM , impr. 2004",2004,8888103295,
"Gustav Klimt, Egon Schiele und die Familie Lederer. ","Bern : Galerie Kornfeld , 1987",1987,3857730161,
Gustav Klimt : dessins érotiques. ,"Paris : Chêne , 1979",1979,2851082418,
Gustav Klimt. ,"Toulouse : Milan , DL 2019",2019,9782408012984,
"Mélanie-A Turner-Klimt : ou la désespérance de l'art, kit théâtral. ","Paris : les Éditions Chapitre.com , DL 2015",2015,9791029002045,
"L'abbraccio di Vienna : Klimt, Schiele e i capolavori del Belvedere, [mostra, Como, Villa Olmo, 15 marzo - 20 luglio 2008]. ","Cinisello Balsamo (Milano) : Silvana , 2008",2008,9788836610846,
Klimt : 50 chefs-d'oeuvre. ,"[Vanves] : Hazan , DL 2020",2020,9782754111638,
Gustav Klimt : l'oeuvre peint. ,"Paris : Citadelles et Mazenod , impr. 2008",2008,9782850882524,
"Gustav Klimt : painting, design and modern life, [exhibition, Tate Liverpool, 30 May - 31 August 2008]. ","London : Tate gallery publishing , 2008",2008,9781854377357,
"De la scène au tableau : David, Füssli, Klimt, Moreau, Lautrec, Degas, Vuillard..., [exposition, Marseille, Musée Cantini, 6 octobre 2009-3 janvier 2010, Rovereto, Museo di arte moderna e contemporanea, 6 février-23 mai 2010 , Toronto, Musée des beaux-arts de l'Ontario, 19 juin-26 septembre 2010]. ","Paris : Skira-Flammarion ; [Marseille] : MM ; [Rovereto] : MART [etc.] , DL 2009",2009,9782081229440,
"Gustav Klimt : dibuxos, 1879-1918, [exposicio, Barcelona, Fundacio La Caixa, 2008]. ","Barcelona : Fundacio La Caixa , DL 2008",2008,9788499000015,
Klimt. ,"Grenoble : Glénat , DL 2017",2017,9782344003831,
Le gardien de l'arbre : Klimt. ,"Futuroscope : Canopé éditions ; Saint-Pierre-des-Corps : l'Élan vert , DL 2015",2015,9782240042903,
De l'or dans la nuit de Vienne selon Klimt. ,"Paris : HD, Ateliers Henry Dougier , DL 2021",2021,9791031202747,
"Il disegno del nostro secolo : prima parte, da Klimt à Wols, [mostra, Milano, Fondazione Antonio Mazzotta, 11 aprile-10 luglio 1994]. ","Milano : Mazzotta , 1994-",1994,8820210908,
L'ABCdaire de Klimt. ,"Paris : Flammarion , DL 2005",2005,2080114425,
Gustav Klimt. ,"Londres ; Paris : Thames & Hudson , 1991",1991,287811034X,
"Klimt : alle origini di un mito, [mostra, Milan, Palazzo reale, 12.03-13.07, 2014]. ","Milano : 24 ore cultura , impr. 2014",2014,8866481939,
Gustav Klimt : tout l'oeuvre peint. ,"Köln ; [Paris] : Taschen , cop. 2012",2012,9783836527965,
Klimt. ,"Paris : Gründ , DL 2010",2010,9782700028683,
"Say it with flowers! : Viennese flower painting from Waldmüller to Klimt, [exhibition Orangerie of the Lower Belvedere, Vienna, June 22 - September 30, 2018]. ","Vienna : Belvedere , 2018",2018,9783791357928,
"Faszination Japan : Monet, Van Gogh, Klimt, [Ausstellung, Bank Austria Kunstforum Wien, 10. Oktober 2018 bis 20. Januar 2019]. ",[Heidelberg] : Kehrer,2018,3868288821,
"Koloman Moser : Universalkünstler zwischen Gustav Klimt und Josef Hoffmann, [Austellung, MAK, Wien 12/19 2018- 04/22 2019 ; Museum Villa Stuck, München, 09/23-09/15 2019]. ","Basel : Birkhauser ; Wien : MAK , 2019",2019,3035618496,
"Klimt et Vienne, un siècle d'or et de couleurs : Gustav Klimt, Egon Schiele, Fritz Hundertwasser, spectacle original de Gianfranco Iannuzzi, Renatto Gatto, Massimiliano Siccardi. ","[Ferney-Voltaire] : Éditions Érick Venturelli photographies , 2014",2014,9782955300619,
"Klimt : up close and personal, paintings, letters, insights. ","Wien : Brandstätter , cop. 2012",2012,3850336298,
Klimt. ,"Paris : Gründ , 2003",2003,2700012739,
Gustav Klimt : das Skizzenbuch aus dem Besitz von Sonja Knips. ,"Wien : Ed. Tusch , 1987",1987,3850631761,
"Klimt und die Frauen : [Ausstellung, Österreichische Galerie Belvedere, Wien, 20. September 2000 bis 7. Januar 2001]. ","[Köln] : DuMont , 2002",2002,3832172718,
Gustav Klimt. ,"[Paris] : Chêne , DL 2008",2008,9782842778750,
Gustav Klimt : dessins et aquarelles. ,"Paris : Hazan , DL 2005",2005,2754100407,
Gustav Klimt : monographie illustrée. ,"Paris : PML éd. , 1994",1994,2876288621,
Gustav Klimt 3. ,"Salzburg : Galerie Welz , cop. 1984",1984,3853491065,
Klimt. ,": Éditions de Vergennes : [puis] Editions de Vergeures , 1982",1982,2730905235,
"Femme ""cent têtes"" : fantasmes de femmes au miroir de la peinture, de Botticelli à Rubens, de Moreau à Klimt, de Delvaux à Balthus. ","Nice : l'Épiscope , 2010",2010,9782952764223,
"L'ossessione nordica : Böcklin, Klimt, Munch e la pittura italiana, [mostra, Rovigo, Palazzo Roverella, 22 febbraio-22 giugno 2014]. ","Venezia : Marsilio , 2014",2014,8831717847,
Klimt. ,"[Paris] : Flammarion , 1993",1993,2080100564,
"Vienne 1900 : Klimt, Schiele, Moser, Kokoschka, album de l'exposition, [Paris], Galeries nationales du Grand Palais, 3 octobre 2005-23 janvier 2006. ","Paris : Réunion des musées nationaux , impr. 2005",2005,2711850560,
"Gustav Klimt : d'or et de couleurs, [exposition, Bordeaux, Bassins de lumières, 10 juin-30 mai 2020]. ","Paris : Hazan , DL 2020",2020,9782754111799,
Klimt. ,"[Paris] : Chêne , 1990",1990,2851086561,
"Gustav Klimt, 1862-1918 : le monde à l'apparence féminine. ","Köln ; London ; Paris [etc.] : Taschen , cop. 2003",2003,3822829188,
Klimt et la mode. ,"Paris : Éd. Assouline , 1998",1998,2843230543,
"Gustav Klimt : Erwartung und Erfüllung, Entwürfde zum Mosaikfries im Palais Stoclet, [Ausstellung, Wien, MAK, Österreichisches Museum für Angewandte Kunst, 21.3-15.7.2012]. ","Ostfildern : Hatje Cantz , cop. 2012",2012,3775733051,
"Klimt e l'arte italiana : [mostra, Museo d'arte moderna e contemporanea di Trento e Rovereto, MART, Rovereto, march 16 - june 18, 2023]. ","Cinisello Balsamo, Milano : Silvana editoriale",2023,8836654703,
"Gustav Klimt : der Beethovenfries, Geschichte, Funktion und Bedeutung. ","Salzburg : Residenz Verlag , cop. 1977",1977,370170175X,
Gustav Klimt. ,"Köln : Taschen , cop. 1992",1992,3822893374,
"Gustav Klimt, 1862-1918 : le monde à l'apparence féminine. ","Köln ; Lisboa ; Paris [etc.] : Taschen , 1998",1998,3822873454,
"Die Welt von Klimt, Schiele und Kokoschka : Sammler und Mäzene. ","Köln : DuMont , 2003",2003,3832172580,
Gustav Klimt : painter of women. ,"Munich ; New York : Prestel , cop. 1994",1994,3791314289,
"Körper, Eros und Tod : Gustav Klimt im Kontext der Ästhetik des Fin de Siècle. ","Essen : Verl. die Blaue Eule , cop. 1995",1995,389206654X,
Die weibliche und die männliche Linie : das imaginäre Geschlecht der modernen Kunst von Klimt bis Mondrian. ,"Berlin : D. Reimer Verl. , cop. 1993",1993,3496011084,
"Au temps de Klimt : la sécession à Vienne, [exposition, Paris, Pinacothèque de Paris, 12 février-21 juin 2015]. ","Milan : 24 Ore cultura ; Paris : Pinacothèque de Paris , cop. 2015",2015,8866482552,
"Klimt persönlich : Bilder, Briefe, Einblicke, [Jubiläumsausstellung, 24.02.2012 - 27.08.2012 im Leopold Museum, Wien]. ","Wien : Brandtstätter , cop. 2012",2012,385033628X,
Klimt : femmes. ,"Paris : Hazan , 2001",2001,285025813X,
"L'età postimpressionista : scienza, soggettività e simbolo da Seurat a Klimt. ","Napoli : Liguori , 2003",2003,8820735008,
Rêves dorés de Gustave Klimt.... ,"[Paris] : Palette , DL 2005",2005,291571021X,
"Schiele, Klimt, Kokoschka e gli amici viennesi : [mostra, Roverto, Museo di arte moderna e contemporanea di Trento e Roverto, 7 ottobre 2006 - 8 gennaio 2007]. ","Milano : Skira ; Trento : MART, Museo di arte moderna e contemporanea di Trento e Roverto , cop. 2006",2006,8876249508,
"Toorop-Klimt : Toorop in Wenen, inspiratie voor Klimt, [tentoonstelling, Gemeentemuseum, Den Haag, 7 oktober 2006 t/m 7 januari 2007]. ","Zwolle : Waanders , cop. 2006",2006,9040082634,
Klimt. ,"Paris : Flammarion , 1987",1987,208011526X,
Gustav Klimt : 25 chefs-d'oeuvre. ,"Paris : Nathan , cop. 1989",1989,2092400460,
Klimt : 1862-1918. ,"Paris : Cercle d'art , 1996",1996,2702204694,
"Peintres de Vienne : de la Sécession à l'expressionnisme, Klimt, Kokoschka, Schiele, Gerstl, Boeckl..., Musée de Lodève, 13 juillet - 3 novembre 2002. ","Milano : Mazzotta , 2002",2002,8820215675,
"Gustav Klimt, Oskar Kokoschka, Egon Schiele : Zeichnungen und Aquarelle, [Ausstellung, Pfalzgalerie, Kaiserslautern, 1. September bis 14. Oktober 1984]. ","Kaiserslautern : Pfalzgalerie , 1984",1984,8820205866,
"Gustav Klimt : von der Zeichnung zum Bild, mit 370 Abbildungen. ","Wien : C. Brandstätter , cop. 1992",1992,3854473699,
"Gustav Klimt : vingt dessins, [Paris, Galerie Berggruen, 1984]. ","Paris : Berggruen , 1984",1984,2904772057,
"Vienne 1900 : Klimt, Schiele, Moser, Kokoschka, [exposition], Galerie nationales du Grand Palais, Paris, 3 octobre 2005-23 janvier 2006. ","Paris : Réunion des musées nationaux , impr. 2005",2005,2711849244,
"Gustav Klimt, 1862-1918 : le monde à l'apparence féminine. ","Köln ; Lisboa ; Paris [etc.] : Taschen , cop. 1997",1997,3822883697,
Gustav Klimt. ,"Paris : La Martinière , 2000",2000,2732426415,
"Les grands artistes : une boîte magique pour apprendre à jouer avec l'art !, Léonard de Vinci, Caravage, cubisme, Claude Monet, Gustav Klimt, Vincent Van Gogh, surréalisme, Vassily Kandinsky, futurisme, pop art. ","[Paris] : Citadelles jeunesse , cop. 2017",2017,9782850887277,
Le chat de Gustav Klimt. ,"Paris : Grasset jeunesse , 2004",2004,2246667011,
Gustav Klimt : l'or de la séduction. ,"Paris : Gründ , DL 2007",2007,9782700016956,
Gustav Klimt. ,"Paris : Éditions Place des Victoires , [2016]",2016,9782809914290,
Vi presento Klimt. ,"Milan : Ed. Arka , 2005",2004,9788880721413,
Gustav Klimt. ,"New York ; [Paris] : Parkstone international , cop. 2006",2006,1859950663,
Gustav Klimt : la beauté viennoise. ,"Évreux : Éd. Atlas , impr. 2011",2011,9782731247824,
Gustav Klimt : l'oro della seduzione. ,"Firenze : Giunti , 2007",2007,8809047729,
"Gustav Klimt : Créez votre propre chef-d'oeuvre, [Album à colorier]. ","Paris : Larousse , 2019",2019,9782035969286,
Klimt : 1862-1918. ,"New York ; [Paris] : Parkstone international , cop. 2011",2011,9781906981198,
Gustav Klimt. ,"New York ; [Paris] : Parkstone international , cop. 2011",2011,9781844849055,
"Cahier de coloriages : Gustav Klimt le fondateur de la sécession viennoise, [album à colorier]. ","Paris : Chêne , 2016",2016,9782812313967,
"Cahier de coloriages : Gustav Klimt le fondateur de la Sécession viennoise, [album à colorier]. ","Vanves : Chêne , 2016",2016,9782812313646,
"Portfolio Gustav Klimt : 9 peintures, [Portfolio de reproductions]. ","Paris : Nouvelles éditions Scala , 2020",2020,9782359882490,
"Gustav Klimt, ""Les trois âges de la femme"". ","[Paris] : ""Le Monde"" ; Florence : E-ducation.it , cop. 2013",2013,9782361561307,
"Gustav Klimt : une immersion dans l'art et la musique, Atelier des lumières, Paris, une réalisation Gianfranco Iannuzzi, Renato Gatto, Massimiliano Siccardi. ","Issy-les-Moulineaux : ""Beaux-arts"" éditions , DL 2018",2018,9791020404404,
Gustav Klimt : dessins & peintures. ,Köln ; [Paris] : Taschen,2019,9783836562898,
"Élina : je vais sur le pot, je découvre un peintre, Gustav Klimt. ","[Paris] : les Éditions Sydney Laurent , 2022",2022,9791032649787,
"Berta Zuckerkandl : de Klimt à Rodin, une salonnière et critique d'art entre Vienne et Paris. ","Rennes : Presses universitaires de Rennes , DL 2023",2023,9782753592391,
Klimt. la secessione e l'Italia,,2021,8857246574,
Gustav Klimt. ,,1981,8820204649,Gustav Klimt
Gustav Klimt. Tutti i dipinti. ,,2018,383656291X,Tobias G. Natter
Klimt. ,,1980,UCSC:32106008329085,"Gustav Klimt, Cecilia Bernardini"
L'opera completa di Klimt. ,,1978,PSU:000032538878,"Gustav Klimt, Johannes Dobai, Sergio Coradeschi"
Gustav Klimt. ,Giunti,2018,9788858780428,"Sergio Risaliti, Giovanni Iovane"
"Klimt. L'uomo, l'artista, il suo mondo. Ediz. illustrata. ",,2022,8857247511,"Gabriella Belli, Elena Pontiggia"
Le muse di Klimt. ,Mondadori Electa,2016,9788851052355,Paola Romagnoli
"Gustav Klimt [Milaan, 1962].. ",,1962,OCLC:920744417,
Gustav Klimt. l'oro della seduzione,Giunti Editore,2009,8809745388,Eva Di Stefano
Gustav Klimt. disegni proibiti,,2005,887624509X,Annette Vogel
Gustav Klimt. Dal disegno al quadro. ,,2000,8817866024,Christian M. Nebehay
Gustav Klimt. 1862-1918 : il mondo in forma di donna,,2011,3836535149,Christoph Heinrich
Gustav Klimt e le origini della Secessione viennese. ,,1999,8820213095,Domenico Pertocoli
"Klimt, Kokoschka, Schiele. dall' art nouveau all' espressionismo ; Complesso del Vittoriano 6.10.2001-3.2.2002",,2001,UVA:X004595719,Jane Kallir
Gustav Klimt. l'infinita sensualità,,2006,8818022393,Giovanni Fanelli
Gustav Klimt. ,Parkstone International,2023,9781780422626,"Jane Rogoyska, Patrick Bade"
Gustav Klimt. La bellezza assoluta. ,,2019,8869214214,Otto Gabos
Klimt. ,,2006,3822818127,Gottfried Fliedl
Klimt. Disegni contro la morale. ,,1988,8872260337,Gustav Klimt
Klimt. ritratto di signora,,2023,8857251268,
Klimt. Il modernismo. ,,2016,8809991613,Eva Di Stefano
Gustav Klimt. disegni contro la morales,,1986,OCLC:882533182,Gustav Klimt
Il grande racconto di Klimt. ,,2019,8832213044,M. Rota
Klimt. la secessione e il tramonto d'oro dell'Impero austriaco,Leonardo Arte,1999,8878138673,"Tatjana Pauli, Gustav Klimt"
Klimt. Ediz. italiana. ,,2015,3836559730,Gilles Néret
Klimt. l'opera pittorica completa,,2008,8818025597,"Margherita Cavenago, Livia Spano"
Klimt e l'arte italiana. Ediz. illustrata. ,,2023,8836654703,"Beatrice Avanzi, V. Sgarbi"
Klimt. la sua vita in parole e immagini,,2012,389919232X,Harald Salfellner
Gustav Klimt. 1862-1918,,2000,3822859303,Gilles Néret
"Klimt. le donne, l'arte, gli amori",Tre Lune,2012,8889832479,Edgarda Ferri
"Gustav Klimt. disegni : Palazzo Pepoli Campogrande, maggio-giugno 1985",,1985,UOM:39015016636881,Gustav Klimt
Gustav Klimt. nel segno di Hoffmann e della secessione,24 Ore Cultura,2012,8866480975,"Alfred Weidinger, Agnes Husslein-Arco"
Klimt. Ediz. a colori. ,Varia illustrata,2017,8897427081,"Margherita Cavenago, Livia Spano"
Klimt. ,Parkstone International,2014,9781781609897,"Patrick Bade, Jane Rogoyska"
Nel mondo di Klimt. ,,2012,8809774361,Eva Di Stefano
Gustav Klimt. ,,1999,8843572296,Gustav Klimt
Klimt. Ediz. illustrata. ,Skira Masters,2018,8857233111,F. Ammiraglio
Klimt. alle origini di un mito,24 Ore Cultura,2014,8866481939,Alfred Weidinger
Gustav Klimt e la Secessione viennese. 1897 - 1997,,1997,8886187394,Cesare Biasini
Gustav Klimt i capolavori. ,,1988,8834240189,"Gustav Klimt, Gabriella Belli"
Klimt e i maestri «segreti» della Ricci Oddi. Catalogo della mostra. ,,2021,9791259580344,E. Pontiggia
Gustav Klimt. ,Arcturus Publishing,2019,9781839403323,A. N. Hodge
Klimt. Ediz. a colori. ,Storie bioGrafiche,2018,885403746X,Viv Croot
Klimt. le donne,Giunti Editore,2000,8809016084,Eva Di Stefano
Gustav Klimt. ,Parkstone International,2023,9781783106073,Patrick Bade
Gustav Klimt. disegni intorno al Fregio di Beethoven,,2012,8857214052,Annette Vogel
Gustav Klimt. ,Parkstone International,2012,9781783102549,"Jane Rogoyska, Patrick Bade"
Klimt. L'essenziale. ,,2021,8867225782,Valérie Mettais
Gustav Klimt. il sigillo della contraddizione,,1989,8877430621,Cristina Melloni
Gustav Klimt. 1862-1918,Taschen,2000,382285980X,"Gilles Néret, Gustav Klimt"
Gustav Klimt e Malcesine. la famiglia Zuckerkandl e il mistero di un quadro scomparso,,2013,8890893818,Paolo Boccafoglio
Schiele e Klimt. i maestri dell'arte moderna austriaca dalla Fondazione Leopold di Vienna,,2000,OCLC:46766955,"Rudolf Leopold, Egon Schiele, Gustav Klimt"
Polemiche su Klimt. ,,2012,8897634265,Hermann Bahr
Nel segno di Klimt. Ver sacrum. La rivista d'arte della Secessione viennese. ,,2006,888345233X,"M. Bressan, M. De Grassi"
"Schiele, Klimt, Kokoschka e gli amici viennesi. Catalgo della mostra (Rovereto, 7 ottobre 2006-8 gennaio 2007). ",,2006,8876249508,"Tobias Günter Natter, Tomas Sharman, Thomas Trummer"
Gustav Klimt. ,Crown,1987,UOM:39015042495013,Ilona Sármány-Parsons
Klimt. ,Knickerbocker Press,1998,1577150538,Maria Costantino
Da Klimt a Wols. ,,1994,UVA:X002576676,Fondazione Antonio Mazzotta
Gustav Klimt. ,Prestel Publishing,2007,UCSD:31822035208644,Nina Kränsel
Nel segno di Klimt. ver sacrum : la rivista d'arte della secessione viennese,,2007,8883452542,"Marina Bressan, Marino De Grassi"
Klimt. ,Parkstone International,2011,9781781606681,Patrick Bade
Gustav Klimt. ,,1995,1860191363,
"Gustav Klimt. Painting, Design and Modern Life",Tate,2008,UOM:39015077687021,"Gustav Klimt, Tate Gallery Liverpool"
La modella di Klimt. ,Baldini & Castoldi ,2020,9788893887403,Gabriele Dadati
Gustav Klimt. A Critical Reappraisal,McFarland,2017,9781476668086,Dani Cavallaro
"Ver Sacrum. La rivista della Secessione viennese 1898-1903. Gustav Klimt, Koloman Moser, Otto Wagner, Alfred Roller, Max Kurzweil, Joseph M. Olbrich, Josef Hoffmann. Ediz. a colori. ",Arte moderna. Cataloghi,2018,8857239314,Valerio Terraroli
Klimt. ,,2002,1856486788,Maria Costantino
Vi presento Klimt. ,,2020,8880722700,Bérénice Capatti
Gustav Klimt. Landscapes,Prestel Publishing,2006,UCSC:32106018478211,Gustav Klimt
"L'ossessione nordica. Klimt, Böcklin, Munch e la pittura italiana. Catalogo della mostra (Rovigo, 22 febbraio-21 giugno 2014). ",,2014,8831717847,"Giandomenico Romanelli, A. Tiddia"
Klimt and His Cat. ,Eerdmans Young Readers,2005,0802852823,Berenice Capatti
Klimt. ,Skira - Berenice,2008,8861308937,Federica Armiraglio
Delphi Complete Works of Gustav Klimt (Illustrated). ,Delphi Classics,2014,,Gustav Klimt
"Gustav Klimt. Silver, Gold and Precious Stones",Prestel Publishing,2000,3791323288,"Gustav Klimt, Angela Wenzel"
Klimt - Skira Mini Artbook. ,Skira - Berenice,2012,8857202720,Armiraglio Federica
Gustav Klimt. Drawings and Paintings,,1970,UOM:39015043410979,"Gustav Klimt, Alice Strobl"
Gustav Klimt. 1862 - 1918,,2007,383650281X,Gilles Néret
Klimt. ,,1989,8837410441,"Gustav Klimt, Fernando Huici"
"Gustav Klimt, 1862-1918. ",,1993,OCLC:1285563895,Gilles Néret
Klimt. Colour Library,Phaidon Press Limited,1996,UOM:39015038583319,"Catherine Dean, Gustav Klimt"
Gustav Klimt. Jahrhundertkünstler,,2018,3950451897,"Hans-Peter Wipplinger, Sandra Tretter"
La modella di Klimt. La vera storia del capolavoro ritrovato. ,,2020,8893883600,Gabriele Dadati
"Attorno a Klimt. Giuditta, eroismo e seduzione. ",,2016,8895598628,G. Belli
Gustav Klimt. La storia illustrata dei grandi protagonisti dell'arte. ,,2014,8866481955,Stefano Zuffi
"Nel segno di Klimt. Gorizia, salotto mitteleuropeo. ",,2017,8899489157,"Museo di Santa Chiara (Gorizia, Italie)., Paolo Bressan"
Gustav Klimt. Painter of Women,Prestel Publishing,1994,UOM:39015034025307,Susanna Partsch
Gustav Klimt. ,,1975,LCCN:75010965,Alessandra Comini
Gustav Klimt. From Drawing to Painting,,1994,UOM:39015034027758,Christian M. Nebehay
Gustav Klimt. ,,1965,OCLC:1419335230,
Klimt. Masters of Art,National Geographic Books,2022,9783791387932,Angela Wenzel
Il mistero del doppio ritratto di Klimt. ,,2018,889667381X,Ermanno Mariani
Gustav Klimt. ,Quercus,2008,1847246370,Rachel Barnes
Art Masterclass with Gustav Klimt. ,Wide Eyed Editions,2019,9781786037985,Lucy Brownridge
Gustav Klimt. Landscapes,National Geographic Books,2019,9783791385440,Stephan Koja
Klimt. ,Editions Gallimard,2017,9782072577161,Serge Sanchez
Gustav Klimt. Drawings and Pastels,,2014,9782897282226,Narim Bender
Gustav Klimt. Art Nouveau Visionary,Sterling Publishing Company,2008,9781402759208,Eva Di Stefano
Klimt. ,,2011,1780421060,Klaus Carl
Klimt. ,,1994,1858911664,"Françoise Ducros, Gustav Klimt"
"Gustav Klimt, Modernism in the Making. ",ABRAMS,2001,UOM:39015056280129,"Gustav Klimt, Colin B. Bailey, John Bruce Collins, John Collins, National Gallery of Canada"
Gustav Klimt. Twenty-five Drawings,,1964,OCLC:1008136620,Gustav Klimt
Gustav Klimt. ,Quercus Books,2010,0857382497,Rachel Barnes
Gustav Klimt. The Magic of Line,J Paul Getty Museum Publications,2012,1606061119,Marian Bisanz-Prakken
Gustav Klimt. The Complete Paintings,Taschen America Llc,2012,3836527952,"Rainald Franz, Angelina Pötschner, Christoph Grunenberg, Anette Freytag, Susanna Partsch, Evelyn Benesch, Marian Bisanz-Prakken, Michaela Reichel"
Gustav Klimt in the Austrian Gallery Belvedere in Vienna. ,,2000,3853492487,"Gustav Klimt, Gerbert Frodl"
The Little Klimt. A Fun and Cultural Moment for the Whole Family!,Kate'Art Éditions,2015,9782875750686,Catherine de Duve
Klimt. ,,2015,3836558076,Gilles Néret
"Gustav Klimt, 1862-1918. The World in Female Form",,1997,UCSD:31822025702630,"Gottfried Fliedl, Gustav Klimt"
"Klimt and the Women of Vienna's Golden Age, 1900-1918. ",National Geographic Books,2016,9783791355825,Tobias G. Natter
Gustav Klimt. 130 Paintings in Close Up,Createspace Independent Publishing Platform,2015,1507630344,Matt Johnson
"Gustav Klimt. Paintings and Drawings : [exhibition], October-November 1965, Marlborough Fine Art Limited ... [et Al.].",,1966,UOM:39015028411422,"Gustav Klimt, Marlborough Fine Art Ltd"
Il nudo e la norma. Klimt e Picasso nel 1907. ,,2022,9791254720332,Jean Clair
Klimt & Rodin. An Artistic Encounter,Prestel,2017,3791357085,"Tobias Günter Natter, Martin Chapman, Matthias Haldemann, Michael Kausch, Renée Price"
Gustav Klimt - Josef Hoffmann. pioniers of modernism,Prestel Publishing,2011,3791351494,"Agnes Husslein-Arco, Alfred Weidinger"
Gustav Klimt. Art Nouveau and the Vienna Secessionists,Flame Tree Illustrated,2015,1783616083,Michael Kerrigan
Gustav Klimt. The Interiors,Prestel Publishing,2023,379137978X,Tobias G. Natter
"Klimt, Schiele, Kokoschka. l'età d'oro di Vienna con i suoi maestri ; [Trieste, Civico Museo Revoltella, Galleria d'Arte Moderna, 8 febbraio - 21 aprile 2002]",,2002,882021539X,Monica Maroni
Klimt's Women. ,Dumont,2000,0300087969,"Gustav Klimt, Tobias Günter Natter, Gerbert Frodl, Österreichische Galerie Belvedere"
Nel segno di Klimt. Gorizia salotto mitteleuropeo nel Regno d'Italia,,2017,OCLC:1045866559,
Gustav Klimt. Vienna - Japan 1900,,2019,OCLC:1419355883,
Gustav Klimt & Emilie Flöge. An Artist and His Muse,,1992,UCSC:32106016748433,Wolfgang Georg Fischer
Klimt. ,Parragon Publishing,2004,1405414944,Laura Payne
"Gustav Klimt. In Search of the ""total Artwork""",Prestel Publishing,2009,UOM:39015084114985,Gustav Klimt
"Gustav Klimt. The Kiss, ""lovers""",Jovis Verlag,2013,3868593101,Agnes Husslein-Arco
Gustav Klimt Drawings... Vol. 2. Beautiful Sketches by Gustav Klimt,,2018,1986087662,"Gustav Klimt, The Secret Libraries"
Essential Klimt. ,Parragon Publishing,2002,0752551450,"Laura Payne, Gustav Klimt"
Klimt's Drawings. ,eBookIt.com,2013,9781456616397,Daniel Coenn
Klimt. ,,1993,OCLC:797511552,"Gustav Klimt, Adriano Antolini"
"Klimt. Up Close and Personal : Paintings, Letters, Insights",Christian Brandstatter,2012,3850336298,"Gustav Klimt, Tobias Günter Natter, Franz Smola, Peter Weinhäupl"
Otto Wagner/Gustav Klimt. Duets,Harper Collins,2003,9780060564223,Llorenc Bonet
Klimt. ,,2003,1841860948,D. M. Gill
Klimt Lost. Reihe Klimt Villa,,2018,3707606414,"Niko Wahl, Marion Krammer"
Klimt. ,,1998,1840130784,Gerbert Frodl
Klimt. ,,2017,2344003835,Jean-Luc Cornette
Klimt. ,,1981,8472911187,Gustav Klimt
Klimt. Il tuo album di Klimt da colorare-Colour your own Klimt. ,,2016,8893480352,
Essential Klimt. ,,2000,1840847026,Laura Payne
Gustav Klimt. Erotic Sketchbook,National Geographic Books,2017,9783791383897,
Beyond Klimt. New Horizons in Central Europe,,2018,3777430595,"Stella Rollig, Alexander Klee"
Klimt. ,,2017,2072577195,Sanchez
Klimt. ,Three Rivers Press,1995,0517883732,"Ilona Sarmany-Parsons, Ilona Sármány-Parsons"
Klimt. ,,2011,1844061698,Sandra Forty
Klimt and Antiquity. Erotic Encounters,Prestel Publishing,2017,3791356992,"Stella Rollig, Tobias Günter Natter"
Klimt. Special Edition,Marboro Books,1996,0760701121,"Barnes & Noble, Gilles Nberet"
"Klimt, 1862-1918. ",Parkstone International,2005,1859959644,"Jane Reynolds, Patrick Bade"
Klimt. Beethoven,Rizzoli International Publications,1987,UOM:39015011963496,Jean Paul Bouillon
"Klimt. Drawings, October - November, 1970 : Kovler Gallery, Chicago",,1970,MINN:31951002219409Y,Gustav Klimt
Gustav Klimt: Tree of Life (Foiled Journal). ,Flame Tree Notebooks,2014,1783611839,Flame Tree Studio
Gustav Klimt. ,,1993,STANFORD:36105004438482,Frank Whitford
Killing for Klimt. A Megan Crespi Mystery Series Novel,Sunstone Press,2014,9781632930064,Alessandra Comini
"Klimt LARGE Notebook #2. Cool Artist Gifts - Portrait of Adele Bloch-Bauer Gustav Klimt Notebook College Ruled to Write in 8.5x11"" LARGE 100 Lined Pages",,2019,1712647164,Twisted City Gustav Klimt Gifts
"Gustav Klimt and Egon Schiele. Exhibition 65/1, February-April 1965",,1965,UOM:39015006624137,Solomon R. Guggenheim Museum
"Klimt Journal #3. Cool Artist Gifts - Farm Garden with Sunflowers Gustav Klimt Notebook Journal To Write In 6x9"" 150 Lined Pages",,2019,1710354038,Twisted City Gustav Klimt Gifts
Klimt. ,Taschen,1994,3822893641,Benedikt Taschen Verlag
Gustav Klimt. ,,1994,0517100967,Andrea Venturini
"Gustav Klimt, 1862-1918. Drawings",,1970,STANFORD:36105032006400,"Gustav Klimt, Galerie St. Etienne"
The Life and Works of Klimt. ,,1994,UCSC:32106015859637,Nathaniel Harris
Gustav Klimt & Emilie Flöge. Photographs,Prestel Publishing,2012,3791352474,Agnes Husslein-Arco
"Gustav Klimt, 1862-1918: Drawings. Exhibition March - April 1970, the Galerie St. Etienne, New York",,1970,UCSC:32106001453866,Gustav Klimt
Thirty-two Drawings by Gustav Klimt. From the Collection of His Highness Prince Sadruddin Aga Khan,,1979,UVA:X004559532,"Sotheby Parke Bernet New York, Sotheby Parke Bernet Inc, Gustav Klimt"
"Gustav Klimt Taccuino. Giuditta I - Bel Diario - Perfetto Per Prendere Appunti - Ideale Per La Scuola, Lo Studio, Le Ricette O Le Password",Independently Published,2019,1796353744,Palode Bode
Klimt. ,,2009,846753463X,"Varios Autores,"
Six Klimt Cards. ,Dover Publications,2003,0486428494,Gustav Klimt
Gustav Klimt: Tree of Life (Foiled Blank Journal). ,Flame Tree Gift,2021,1787558606,Flame Tree Studio
Gustav Klimt: Fulfilment (Blank Sketch Book). ,Flame Tree Gift,2017,1786641569,Flame Tree Studio
Gustav Klimt: Three Ages of Woman (Foiled Pocket Journal). ,Flame Tree Gift,2016,1783616873,Flame Tree Studio
Gustav Klimt: Detail from the Kiss (Blank Sketch Book). ,Flame Tree Gift,2017,1786641089,Flame Tree Studio
"Soltanto la nuda verità. Weininger, Klimt, Schiele. ",,2020,8846756568,Flavia Monceri
Klimt Journal #5. Cool Artist Gifts - the Gorgons and Typheus Gustav Klimt Notebook Journal to Write in 6x9 150 Lined Pages,,2019,1710355204,Twisted City Gustav Klimt Gifts
Klimt Journal #10. Cool Artist Gifts - the Kiss Der Kuss Gustav Klimt Notebook Journal to Write in 6x9 150 Lined Pages,,2019,1710357231,Twisted City Gustav Klimt Gifts
Klimt Sketchbook #3. Cool Artist Gifts - Farm Garden with Sunflowers Gustav Klimt Sketchbooks for Artists Adults and Kids to Draw in 8. 5x11 100 Blank Pages,,2019,1712660268,Twisted City Gustav Klimt Gifts
Gustav Klimt: Fulfilment (Foiled Pocket Journal). ,Flame Tree Gift,2016,1783616822,"Flame Tree, Flame Tree Studio"
Gustav Klimt. 1862-1918 : il mondo al femminile,,1998,OCLC:636093946,"Gottfried Fliedl, Gustav Klimt"
Klimt Journal #2. Cool Artist Gifts - Portrait of Adele Bloch-Bauer Gustav Klimt Notebook Journal to Write in 6x9 150 Lined Pages,,2019,1710353511,Twisted City Gustav Klimt Gifts
Gustav Klimt: Adele Bloch Bauer I (Blank Sketch Book). ,Flame Tree Gift,2019,1787555895,Flame Tree Studio
Klimt. Beethoven. [aus Dem Franzoesischen Uebertragen Von Hanna Wulf].,,1988,OCLC:902373530,Jean-Paul Bouillon
Color Your Own Klimt. ,Harper Design,2016,0062484435,The Belvedere
Gustav Klimt. ,,2002,UVA:X004561697,"Edmund Swinglehurst, Gustav Klimt"
Ferdinand Hodler: Elective Affinities from Klimt to Schiele. ,Walther Konig Verlag,2017,UCSD:31822043933704,Hans-Peter Wipplinger
"Gustav Klimt Black Paper Sketchbook. The Maiden | Modern Art Nouveau Notebook for Painting and Drawing with Vivid Colors | Use with Colored Pencils, Chalk, Metallic Markers, Gel and Ink Pens | Large Artsy Jugendstil All Black Blank Pages Sketch Pad",,2019,1712160907,Shy Panda Notebooks
Gustav Klimt--Egon Schiele. In Commemoration of the Achievements of Dr. Otto Kallir,Crown,1980,UCSD:31822010568384,Jane Kallir
"Hope, Gustav Klimt. Blank Journal. 160 Blank Pages, 6 X 9 Inch (15. 24 X 22. 86 Cm) Soft Cover",,2016,1530760976,Studio Beeker
"Gustav Klimt, Franz Matsch und Ernst Klimt im Burgtheater. ",,2007,STANFORD:36105122492817,Otmar Rychlik
Klimt: Beethoven. [Illustr.] - (Geneve): Skira (1986). 108 S. 4°. ,,1986,UCSD:31822002761880,Jean Paul Bouillon
"Gustav Klimt. 100 Zeichnungen : 25. Juli bis 27. September 1992, Städtische Galerie ""Lovis-Kabinett"", Stadtbezirk Schwenningen",,1992,UOM:39015032985692,"Serge Sabarsky, Gustav Klimt"
Der Fall Klimt. die rechtliche Problematik der Klimt-Bilder im Belvedere,,2005,STANFORD:36105114797082,"Rudolf Welser, Christian Rabl"
"Klimt, Kokoschka, Schiele. Aquarelle und Zeichnungen : Hommage à Serge Sabarsky : Jahrhunderthalle Hoechst, 5. Oktober bis 19. November 1997",,1997,UOM:39015048542230,
Von Füger bis Klimt. die Malerei des XIX. Jahrhunderts in Meisterwerken aus Wiener Privatbesitz,,1923,PRNC:32101066450899,Franz Ottmann
Tout l'œuvre peint de Klimt. ,,1983,UOM:39015042493455,"Gustav Klimt, Sergio Coradeschi"
Gustav Klimt. La storia illustrata dei grandi protagonisti dell'arte. ,24Ore Cultura,2020,9788866484851,"Stefano Zuffi, Massimiliano Aurelio"
"Gustav Klimt, Drawings. ",,1983,UOM:39015027868796,"Gustav Klimt, Serge Sabarsky"
Klimt. ,Giunti Editore,1988,8809760832,Eva Di Stefano
Klimt. La realtà trasfigurata. Ediz. illustrata. ,,2019,8854042218,Sylvie Girard-Lagorce
